groups_id,groups_group_type
eabbdf4029734c848a9da20779637d03,youth program
7080bf8dcf78463bb03e6863887fd715,youth program
bc6fc50a2b444efc8ec47111b290ffb8,youth program
37f002e8d5e442ca8e36e972eaa55882,youth program
52419ff84d4b47bebd0b0a6c1263c296,youth program
559dbc7bd1f64c268ff149c4d5d63500,youth program
528fa2c7559a40749b6151a07d3b8ef5,youth program
cfaac1762bed4c8bb88696267129a560,youth program
f79273f51df849d298bd6f4b86daee99,youth program
ba94226c87d249a1a2dbdc32a848b769,youth program
cfdab61b2c6c47a78c4641852debb38f,youth program
9d922f354e7c404e98cb2acc1bcfa444,youth program
d617d88792bf4fa5bff144d0ddb3bdf0,youth program
23842cfc53704f9dbb95d57a4842cfea,youth program
70f2353c62b345298f449f010e754443,youth program
c1b73a8474054188ac49f53811c78189,youth program
64f55a07c0864292afe4b41d674ee2e9,youth program
ac46767c35014e4c93869199d05ea956,youth program
45b7c8a5647647df92de6f40d5f12682,cause
f16d593910bf443598839021bbe97128,cause
d692245208e248e49625d76f6b932aff,professional network
0b3cdc7e092041f4b8cf680bb1064144,professional network
fdb6a122e8474580a5d109c8c8933f3c,professional network
e224f030cc34477ba50994ba33a2f29f,youth program
febfa8fcd364484487a245d32dbe24f7,professional network
fc44b18cb5aa4ead87515171d48ced27,club
d1974b33f9744683a13ce46e203e2819,youth program
df78fe697f3b41068d2efc3654f5e707,youth program
ec1b5a43e9794f67b9761b0840a02c26,youth program
bd88fd4be76e4940b259cfd19dc737a2,youth program
2db32f76e5524d57ace1012aa9fe1125,youth program
414e3cd11cd84e549abe723567e8d931,competition
55e6f99b63e24b2ea21b99d31064717b,youth program
c8ec0ba0966b4eba8f50e1a279742e8e,mentorship program
cd3bd269fefb414e91c0ef767df42b13,youth program
e6780d7982c14f9aba3fdf8bee66a2ad,youth program
7d715f982c8b4a6da7be5142f74b1472,youth program
593e423a37764525a033751ad5e5d165,interest group
8e4d8e5542a9407ab7b5a05e6e28c62c,youth program
6f13430a2bd1409f8c0863ca3a133db6,professional network
86850633393147be9d070c47a1258c41,mentorship program
1f3b7e8f20db4a23959e1cb673604b45,youth program
78c15b3814e7417a9da357c0df011194,youth program
ab73e3e161b64543a194b46442b0f805,professional network
298f0e917129423d9c6b12f08d26416f,mentorship program
e2d6994350424f46a329cb3ba17e4893,youth program
66574765baa94b79a7e76b13f36a0d4a,youth program
a36cb039d1f4429a90a6b2c9de08dd39,professional network
e1a4d435bbd84deaae344c223f204742,professional network
